MMS Id,Location Name,Normalized Call Number,Permanent Call Number,Summary Holding,ISSN,Title,Num of Items (In Repository),Num of Loans (In House + Not In House),Author
991003690739702920,Main Collection,"0qk""110 n6",QK110 .N6,"BOUND : v.1-3, 6-7, 9-11, 14-19, 21-25, 28-29, 32-34. Ser. 2 : v.1-6.",0078-1312; 00781312,North American flora.,61,21,
991003705639702920,Main Collection,"0qk""143 m3",QK143 .M3,BOUND : v.1-58; 1916-2011.,1943-6297; 19436297; 0024-9637; 00249637,Madroño : a West American journal of botany.,38,69,
991003720549702920,Main Collection,"0qk""149 a4",QK149 .A4,BOUND : v.1-29; 1948-2011.,2327-2929; 23272929; 0065-6275; 00656275,Aliso.,19,45,
991003663929702920,Main Collection,"0qk""149 f6",QK149 .F6,"BOUND : v.1-13, no.1. v.14, no. 4- ; 2017-",,The four seasons.,9,13,
991003679499702920,Main Collection,"0qk""149 f73",QK149 .F73,"BOUND : v.1-39, no.2/3; 1973-2011.; INCOMPLETE: v. 37; 2009.; INDEX : v.9-10; 1981-1983.",2572-6870; 25726870; 0092-1793; 00921793,Fremontia: a journal of the California Native Plant Society.,19,34,
991003626409702920,Main Collection,"0qk""268 p8",QK268 .P8,BOUND : v.2-3.,,Flora of Suriname.,3,1,
991003747309702920,Main Collection,"0qk""321 a3613",QK321 .A3613,BOUND : v. 1-6; 8; 11-12; 18,0568-5427; 05685427,Flora of the U.S.S.R.,10,2,
991003705939702920,Main Collection,"0qk""479 h6",QK479 .H6,"BOUND : v.1-71, no.4; 1919-Oct. 1990.; CEASED PUBLICATION",2474-3283; 24743283; 0004-2625; 00042625,Journal of the Arnold Arboretum.,64,18,Arnold Arboretum.
991003690669702920,Main Collection,"0qk""504 n6",QK504 .N6,BOUND : v. 2-4; 1960-1962. v.12; 1966. v.17-53; 1969-1991; INCOMPLETE : v.12; 1966,0029-5035; 00295035,Nova Hedwigia.,36,6,
991003725559702920,Main Collection,"0qk""564 i5",QK564 .I5,"BOUND : v.2, 4-5, 10.",0074-7874; 00747874,Proceedings of the International Seaweed Symposium.,5,8,International Seaweed Symposium.
991003631019702920,Main Collection,"0qk""564 p76",QK564 .P76,BOUND : v.1.,0167-8574; 01678574,Progress in phycological research.,1,4,
991003714129702920,Main Collection,"0qk""600 c6",QK600 .C6,"BOUND : v.8, 110-154.",0374-7034; 03747034; 0027-5522; 00275522,Mycological papers.,46,0,International Mycological Institute.
991003747539702920,Main Collection,"0qk""600 s9",QK600 .S9,BOUND : v.1-42; 1903-1944,,Annales mycologici.,42,0,
991003688889702920,Main Collection,"0qk""861 r38",QK861 .R38,"BOUND : v.1-5; 8-18, 20-40.",2211-9094; 22119094; 0079-9920; 00799920,Recent advances in phytochemistry.,1,0,
991003726079702920,Main Collection,"0qk""867 a27",QK867 .A27,BOUND : v.1-3.,0743-8931; 07438931,Advances in plant nutrition.,3,21,
991003701409702920,Main Collection,"0qk""911 b7 a35",QK911.B7 A35,"BOUND : v.1-11, 14-15, 17-19, 22.",0068-1954; 00681954,A Symposium of the British Ecological Society.,1,0,
991003725849702920,Main Collection,0ql 1 c15,QL1 .C15,"BOUND : v.1-9, 11-22, 24, 26-67.; INCOMPLETE : v.1, 3-4, 6-9, 11-13, 16-18, 20-21, 24, 26, 30-31, 36-40, 53, 55, 57, 63.",1559-3215; 15593215; 0068-6506; 00686506,University of California publications in zoology.,62,13,
991003725019702920,Main Collection - Oversized,0ql 1 c54,QL1 .C54,BOUND : v.1-3.,0430-3776; 04303776,Fieldiana.,1,0,
991003707089702920,Main Collection,0ql 1 f4,QL1 .F4,"BOUND : v.1-49, 51-54, 56-73. n.s., v.1-28.",0015-0754; 00150754,Fieldiana:,85,7,
991003699789702920,Main Collection,0ql 1 h3,QL1 .H3,"BOUND (INCOMPLETE) : v.39, 41, 45-46, 50, 52--54, 59-63, 69, 73-74, 78-80, 82, 86-87, 89-91, 93-96, 98-99, 101, 103-104, 106-107, 110-111, 115, 127-129.",1938-2987; 19382987; 0027-4100; 00274100,Bulletin of the Museum of Comparative Zoology.,52,3,
991003673559702920,Main Collection,0ql 1 i6,QL1 .I6,BOUND : 14th-17th; 1953-1972.,,Proceedings.,18,1,International Congress of Zoology.
991003725099702920,Main Collection,0ql 1 i62,QL1 .I62,BOUND : v.1-4.,0074-7734; 00747734,International review of general and experimental zoology.,4,2,
991003664699702920,Main Collection,0ql 1 l78,QL1 .L78,BOUND : no.1-3; 5-9; 11.,,Zoology publication.,1,0,Los Angeles County Museum of Natural History.
991003770459702920,Main Collection,0ql 1 s54,QL1 .S54,"BOUND : v.361-370, 456-465, 629.",1943-6696; 19436696; 0081-0282; 00810282,Smithsonian contributions to zoology.,4,3,
991004998709702920,Main Collection,0ql 1 w54 index 0,QL1 .W54 Index,BOUND : no.128/135-136/143; 1995/97-1997/99.,,Wildlife monographs.,2,0,
991003712429702920,Main Collection,0ql 1 z4,QL1 .Z4,BOUND : v.54-58; 1969-1973.; CEASED PUBLICATION.,0044-507X; 0044507X,Zoologica; scientific contributions of the New York Zoological Society.,4,0,
991003723349702920,Main Collection,0ql 1 z733,QL1 .Z733,"BOUND : v.1-6, 8-52, 62-63.",0084-5612; 00845612,Symposia of the Zoological Society of London.,1,0,
991003782239702920,Main Collection,0ql!84.2 e52,QL84.2 .E52,"BOUND : v.20-25, no.5; 1995-2000.",1943-5339; 19435339; 1091-7314; 10917314,Endangered species bulletin /,2,0,
991003744559702920,Main Collection,0ql!84.2 e52,QL84.2 .E52,BOUND : v.2-19; 1977-1994.,0145-9236; 01459236,Endangered species technical bulletin /,5,0,
991003743769702920,Main Collection,"0ql""121 b56",QL121 .B56,BOUND : v.1-3.,0309-2518; 03092518,Biochemical and biophysical perspectives in marine biology.,3,5,
991003743809702920,Main Collection,"0ql""368 f6 f67",QL368.F6 F67,BOUND : v.1-3.,0140-0010; 01400010,Foraminifera.,3,2,
991003636279702920,Main Collection,"0ql""391 c4 o83",QL391.C4 O83,"BOUND : v.1, 5.",,Essentials of cestodology.,1,0,
991003725209702920,Main Collection,"0ql""461 a5",QL461 .A5,"BOUND : v.1-14, 16-44, 46-49.",1545-4487; 15454487; 0066-4170; 00664170,Annual review of entomology.,47,118,
991003715949702920,Main Collection,"0ql""461 b85",QL461 .B85,BOUND : v.1-77; 1910-1987.,1475-2670; 14752670; 0007-4853; 00074853,Bulletin of entomological research.,68,0,
991003724679702920,Main Collection,"0ql""461 c17",QL461 .C17,"BOUND : v.1-4, 5-21, 27-30, 37-38, 40-83, 85-108, 110-129.",,University of California publications in entomology.,112,25,"University of California, Berkeley."
991003724809702920,Main Collection,"0ql""461 e57",QL461 .E57,"BOUND : V.1-5, 7-8.",0071-0717; 00710717,Miscellaneous publications of the Entomological Society of America.,5,1,
991003722849702920,Main Collection,"0ql""461 e574",QL461 .E574,"BOUND : v.33-44, 46-47, 50-85, 87-88, 90, 92-100, 102, 104-110, 112-116, 118-121, 124, 126-170.",0071-075X; 0071075X,Memoirs of the Entomological Society of Canada.,1,0,
991003707809702920,Main Collection,"0ql""461 e69",QL461 .E69,"BOUND : v.72-79, no.3; 1970-July 1977.  v.108-113; 2006-2011.",2378-6477; 23786477; 0013-8797; 00138797,Proceedings of the Entomological Society of Washington.,14,1,
991003642329702920,Main Collection,"0ql""461 i7",QL461 .I7,BOUND : v.1.,,Invertebrata pacifica.,1,0,
991003696269702920,Main Collection,"0ql""461 m5",QL461 .M5,BOUND : v.1-24; 1936-1961.; CEASED PUBLICATION.,0893-3227; 08933227,Microentomology : contributions to entomology from the Natural History Museum of Stanford University.,7,1,
991003690309702920,Main Collection,"0ql""461 p3",QL461 .P3,BOUND : v.1-87; 1924-2011.; INCOMPLETE : v.50; 1974.,2162-0237; 21620237; 0031-0603; 00310603,The Pan-Pacific entomologist.,78,9,
991003724549702920,Main Collection,"0ql""475 c3 c3",QL475.C3 C3,"BOUND : v.1-21, 23-27.",0068-5631; 00685631,Bulletin of the California Insect Survey.,1,0,
991003721699702920,Main Collection,"0ql""495 a23",QL495 .A23,BOUND : v.1-22.,2213-6800; 22136800; 0567-9974; 05679974; 0065-2806; 00652806,Advances in insect physiology.,22,12,
991003642179702920,Main Collection,"0ql""599.5 e28",QL599.5 .E28,"BOUND : v.1, no.1-6; 1915-1924.",,Ectoparasites.,1,3,
991003697509702920,Main Collection,"0ql""614 s8",QL614 .S8,"BOUND : v.4, pt.2.  v.6.",0097-0670; 00970670,Stanford ichthyological bulletin.,2,3,
991003713399702920,Main Collection,"0ql""640 h46",QL640 .H46,INDEX : v.1-7; 1967-1976.; BOUND : v.3-40; 1971-2009.,0018-084X; 0018084X,Herpetological review.,25,11,
991003712099702920,Main Collection,"0ql""671 a78",QL671 .A78,"BOUND : v.25-48, no.1; 1971-spring 1994.",004-7686; 0047686; 0004-7686; 00047686,American birds.,23,3,
991003717369702920,Main Collection,"0ql""671 a78",QL671 .A78,BOUND : v.2; 1948. v.4-8; 1950-1954. v.12-18; 1958-1964. v.21-24; 1967-1970.,0097-7144; 00977144,Audubon field notes.,17,2,
991003717329702920,Main Collection,"0ql""671 a82",QL671 .A82,BOUND : v.49-53; 1947-1951. v.55-59; 1953-1957.,0004-7694; 00047694,Audubon magazine.,1,0,
991003705469702920,Main Collection,"0ql""671 a82",QL671 .A82,BOUND : v.70-95; 1968-1993.,0097-7136; 00977136,Audubon.,33,21,
991003657589702920,Main Collection,"0ql""671 a82",QL671 .A82,BOUND : v.8-37; 1906-1935.,1059-8626; 10598626,Bird-lore.,27,0,
991003683049702920,Main Collection,"0ql""671 l57",QL671 .L57,BOUND : v.5-19; 1966-1981.,0459-6137; 04596137,The Living bird.,15,9,
991003632439702920,Main Collection,"0ql""671 l573",QL671 .L573,"BOUND : v.1-12, no.2; 1982-spring 1993.",0735-0422; 07350422; 0732-9210; 07329210,The Living bird quarterly.,9,4,
991003701249702920,Main Collection,"0ql""671 n8",QL671 .N8,BOUND : v.1-8; 1876-1883.,2474-9370; 24749370; 2474-0144; 24740144,Bulletin of the Nuttall Ornithological Club.,4,0,
991003741359702920,Main Collection,"0ql""677 c47",QL677 .C47,"BOUND : v.1-10, 12-15.",,Check-list of birds of the world.,14,11,
991005018749702920,Main Collection,"0ql""681 b625",QL681 .B625,BOUND : No.1-716.,1061-5466; 10615466,The birds of North America.,1,0,
991003764089702920,Main Collection,"0ql""681 b628",QL681 .B628,BOUND : Fall 2000-Fall 2004.,2325-2138; 23252138; 2325-1972; 23251972,Birdscapes : news from international habitat conservation partnerships.,2,1,
991003661269702920,Main Collection,"0ql""713.2 m355",QL713.2 .M355,BOUND : 1978.,,Annual report of the Marine Mammal Commission : a report to Congress.,1,6,United States. Marine Mammal Commission.
991003698029702920,Main Collection,"0ql""737 c4 t5",QL737.C4 T5,BOUND : v.1-5. v.15-21.,0083-9086; 00839086,The Scientific reports of the Whales Research Institute.,12,22,
991000935119702920,Main Collection,"0ql""750 p47",QL750 .P47,"BOUND : v.1-2, 11.",0738-4394; 07384394,Perspectives in ethology.,3,5,
991003675769702920,Main Collection,"0ql""785.5 p7 p75",QL785.5.P7 P75,BOUND : v.1-3.,0079-5097; 00795097,Primate behavior.,3,3,
991003733659702920,Main Collection,"0qr""360 v52",QR360 .V52,BOUND : v.15-17.,0083-6591; 00836591,Virology monographs = die Virusforschung in Einzeldarstellungen.,1,0,
991003708419702920,Main Collection,"0r""121 d73 1994",R121 .D73 1994,BOUND : 1994.,,Dorland's illustrated medical dictionary.,1,1,
991003666759702920,Research Help - 2nd Floor,"0r""121 t18",R121 .T18,BOUND : 15th; 1985.  18th; 1997.,1065-1357; 10651357,Taber's cyclopedic medical dictionary.,2,0,
991002983399702920,Main Collection,0ra 8 a265,RA8 .A265,BOUND : 1998-1999.,1020-3311; 10203311,The world health report : report of the Director-General.,2,7,
991003675159702920,Main Collection,0ra#1231 r2 i2,RA1231.R2 I2,"BOUND : v.3-12, 14-15, 17-58, 60-61.",1878-0377; 18780377; 0074-2740; 00742740,ICRP publication.,1,0,
991002842099702920,Main Collection,0rc!46 h32,RC46 .H32,LIBRARY RETAINS LATEST TWO EDITIONS ONLY.,,Harrison's principles of internal medicine.,5,42,
991003692239702920,Main Collection,0rc!60 m4,RC60 .M4,"BOUND : v.61, no.2-v.61, no.6.",1557-9859; 15579859; 0025-7125; 00257125,Medical clinics of North America.,1,0,
991003650999702920,Main Collection,"0rc""271 c5 a238",RC271.C5 A238,BOUND : v.1.,0190-4817; 01904817,Advances in cancer chemotherapy.,1,9,
991003741169702920,Main Collection,"0rc""327 i525",RC327 .I525,"BOUND : v.1-5, 9.",0069-5769; 00695769,Proceedings.,6,5,International Congress of Neuro-psychopharmacology.
991003693399702920,Main Collection,"0rc""331 i55",RC331 .I55,"BOUND : v.4, pt.2-v.8, pt.2.",0020-8426; 00208426,International psychiatry clinics.,1,0,
991003737909702920,Main Collection,"0rc""489 b4 a56",RC489.B4 A56,HOLDINGS: v.11-12.,0091-6595; 00916595; 0899-3378; 08993378,Review of behavior therapy.,2,6,
991003648769702920,Main Collection,"0rc""489 b4 b4357",RC489.B4 B4357,"BOUND : 1979, 1981.",0191-5681; 01915681,Behavioral group therapy.,2,10,
991003745779702920,Main Collection,"0rj""499 a1 c427",RJ499.A1 C427,BOUND : v.1-2.,0093-2175; 00932175,Child personality & psychopathology: Current topics.,2,11,
991003740939702920,Main Collection,"0rj""503.3 a37",RJ503.3 .A37,BOUND : v.1-3.,0149-4732; 01494732,Advances in clinical child psychology.,3,8,
991003734819702920,Main Collection,0rm!16 c8,RM16 .C8,LIBRARY RETAINS LATEST TWO YEARS ONLY.,0070-2102; 00702102; 8755-8823; 87558823,Conn's current therapy.,1,0,
991003722469702920,Main Collection,"0rm""315 a4",RM315 .A4,"BOUND : v.3-7, 13, 16, 18, 37-38, 42.",0065-2229; 00652229,Advances in biochemical psychopharmacology.,1,0,
991003731879702920,Main Collection,0s 1 h5,S1 .H5,"BOUND : v.1-60, no.1; 1925-Feb. 1992.",0073-2230; 00732230,Hilgardia.,15,20,
991003631049702920,Storage,0s 1 u632,S1 .U632,BOUND (IN STORAGE) : 1979-1981.,,Agricultural journal titles and abbreviations.,1,0,
991003664109702920,Microform - Ask at Research Help Desk - 2nd Floor,0s 1 w3,S1 .W3,MICROFILM : v.84-115; 1959-1990.,0893-5130; 08935130; 0043-0129; 00430129,Wallaces farmer.,1,0,
991001354979702920,Main Collection,0s!21 a2,S21 .A2,BOUND : 1912-1960.,0082-9803; 00829803,Report of the Secretary of Agriculture /,21,0,United States. Department of Agriculture.
991001355029702920,Main Collection,0s!21 a2,S21 .A2,BOUND : 1889-1893.,,Report of the Secretary of Agriculture.,8,0,United States. Department of Agriculture.
991001355789702920,Main Collection,0s!21 a202,S21 .A202,BOUND : 1918-1923.,0889-8774; 08898774,"Annual reports of the Department of Agriculture for the fiscal year ended ... : report of the Secretary of Agriculture, miscellaneous reports.",5,0,United States. Department of Agriculture.
991003657139702920,Main Collection,0s!21 a35 1979,S21 .A35 1979,BOUND : 1979.,,What's to eat? : And other questions kids ask about food.,1,0,United States. Department of Agriculture.
991002623199702920,Main Collection,0s!21 a37,S21 .A37,"BOUND : no.224, 296, 360, 362, 367, 496, 521, 631-632, 651, 654, 674, 688, 730.",0065-4612; 00654612,Agriculture handbook /,1,0,
991003694999702920,Main Collection,"0s""217 a6134",S217 .A6134,"BOUND : no.3-4, 7-10, 12-14, 16-26, 28-30, 32, 34-35.",0072-6729; 00726729,"Technical bulletin - Ministry of Agriculture, Fisheries and Food.",1,0,"Great Britain. Ministry of Agriculture, Fisheries and Food."
991003737969702920,Main Collection,"0s""405 f6",S405 .F6,BOUND : v.1-23.,,Better farming series.,21,0,Food and Agriculture Organization of the United Nations.
991003638269702920,Main Collection,"0s""405 f6 1976",S405 .F6 1976,"BOUND : v.1-12, 28-38.",,Better farming series /,22,0,
991003747609702920,Main Collection,"0s""507 m5 m5",S507.M5 M5,BOUND : v.7.,,Midwest farm handbook /,1,3,
991003642639702920,Current Periodicals - 2nd Floor,"0s""530 a4",S530 .A4,"LIBRARY RETAINS RECENT YEAR ONLY, IN CURRENT PERIODICALS",0002-144X; 0002144X; 0732-4677; 07324677,The Agricultural education magazine.,5,0,
991003763589702920,Research Help - 2nd Floor,"0s""533 v47",S533 .V47,LIBRARY RETAINS LATEST YEAR IN REFERENCE.,1089-6465; 10896465,Veterinary medical school admission requirements /,2,0,
991003686529702920,Main Collection,"0s""544 u5",S544 .U5,"BOUND : v.7-17; 1936-1946. v.19-35; 1948-1964. v.39-42; 1968-1971. v.45-49,no.1; 1974-Jan./Feb. 1978.",0014-5408; 00145408,Extension service review /,1,0,
991003738019702920,Main Collection,"0s""585 t48",S585 .T48,LIBRARY RETAINS TWO SETS. L; BOUND : v.1-4.; CEASED PUBLICATION.,,Agricultural chemicals.,8,21,"Thomson, W. T. (William Thomas)"
991004005599702920,Main Collection,"0s""587 a73",S587 .A73,BOUND : 16th ed.; 1995.  17th ed.; 2000.  18th ed.; 2005.,1546-4121; 15464121; 1080-0344; 10800344,Official methods of analysis of AOAC International.,5,49,
991003667899702920,Main Collection,"0s""587 a73",S587 .A73,BOUND : 11th-15th ed; 1970-1990.,0363-6607; 03636607; 0066-961X; 0066961X,Official methods of analysis of the Association of Official Analytical Chemists.,7,72,
991003631329702920,Main Collection,"0s""587 a73 suppl 0",S587 .A73 Suppl,SUPPLEMENTS TO: 11th ed.-17th ed.; 1970-2000.,,Changes in official methods of analysis made at the ... annual meeting ... /,12,24,
991003664069702920,Main Collection,"0s""591 w875",S591 .W875,"BOUND : v.45-50, 52-54, 56, 58, 62, 64.",1014-8531; 10148531; 0532-0488; 05320488,World soil resources reports.,1,0,
991003637909702920,Main Collection,"0s""613 a35",S613 .A35,BOUND : v.1-4; 1982-1987.; CEASED PUBLICATION,0275-7915; 02757915,Advances in irrigation.,4,71,
991001955539702920,Main Collection,"0s""631.3 f47",S631.3 .F47,BOUND : 17th Annual-20th Annual.,,Proceedings of the ... annual Fertilizer Research and Education Program Conference.,4,0,California. Department of Food and Agriculture. Fertilizer Research and Education Program. Conference.
991004568649702920,Main Collection,"0s""633 a5",S633 .A5,BOUND : 2014.; CEASED PUBLICATION.,1547-2779; 15472779,Crop protection handbook.,1,0,
991003802609702920,Main Collection,"0s""633.5 f47",S633.5 .F47,BOUND : 2000.,,Fertiliser recommendations for agricultural and horticultural crops /,1,10,
991003626829702920,Main Collection,"0s""671 a32",S671 .A32,LIBRARY RETAINS LATEST FIVE YEARS ONLY.,0065-4477; 00654477; 8755-1187; 87551187,"ASAE standards : standards, engineering practices and data adopted by the American Society of Agricultural Engineers.",3,2,American Society of Agricultural Engineers.
991003702499702920,Main Collection,"0s""900 s5",S900 .S5,"BOUND : v.1-62, no.7; 1893-Sept. 1977.; INCOMPLETE : v.16; 1931. v.19-21; 1934-1936. v.36-37; 1951-1952. v.51; 1966. v.62; 1967.; INDEX : v.1-34; 1893-1949.",0037-4725; 00374725,Sierra Club bulletin.,1,1,
991003658229702920,Main Collection,"0s""900 s5",S900 .S5,"BOUND : v.62, no.8-97, no.3; Oct. 1977-2012.; INCOMPLETE : v.62; 1977. v.78; 1993.  v.91; 2006. v. 96; 2011.",2168-3298; 21683298; 0161-7362; 01617362,Sierra.,74,40,
991003699239702920,Main Collection,"0s""960 a4",S960 .A4,BOUND : v.11.,,Special publication - American Committee for International Wild Life Protection.,1,0,American Committee for International Wild Life Protection.
991003647659702920,Storage,0sb 1 a44,SB1 .A44,BOUND (IN STORAGE) : v.1-13; 1903-1914.,,Proceedings of the Society for Horticultural Science.,1,2,Society for Horticultural Science (U.S.)
991003738819702920,Main Collection,0sb 4 r82,SB4 .R82,"BOUND : v.99, 111.",1368-034X; 1368034X,"Extracts from the proceedings of the Royal Horticultural Society, Wisley Trial reports and awards to plants.",2,1,Royal Horticultural Society (Great Britain)
991003636019702920,Main Collection,0sb!16 l3 a4,SB16.L3 A4,"BOUND : v.11-16, 18-22; 1967-1972, 1974-1978. v.26-27; 1982-1983.",0254-2528; 02542528,"Proceedings of the Tropical Region, annual meeting.",14,1,American Society for Horticultural Science. Tropical Region.
991003659009702920,Main Collection,0sb!16 l3 a4,SB16.L3 A4,"INDEX : 1957-68.; BOUND : 1957, 1959, 1960, 1962-1966.",,Proceedings.,9,1,American Society for Horticultural Science. Caribbean Region.
991003714189702920,Main Collection,0sb!23 c6,SB23 .C6,BOUND : v.2-4.,0069-6994; 00696994,Research review - Commonwealth Bureau of Horticulture and Plantation Crops.,1,0,Commonwealth Bureau of Horticulture and Plantation Crops.
991003726469702920,Main Collection,"0sb""107 h47",SB107 .H47,BOUND : v.1-4.,0890-6653; 08906653,"Herbs, spices, and medicinal plants : recent advances in botany, horticulture, and pharmacology.",4,18,
991003664189702920,Main Collection,"0sb""191 r5 l876",SB191.R5 L876,"BOUND : no.57, 100-136, 138-156.",0115-3862; 01153862,IRRI research paper series.,1,0,
991003645509702920,Microform - Ask at Research Help Desk - 2nd Floor,"0sb""211 p8 a54",SB211.P8 A54,MICROFILM : v.1-2; 1923-1925.,2381-781X; 2381781X; 2381-7801; 23817801,Potato news bulletin.,1,0,
991003719099702920,Main Collection,"0sb""215 a57",SB215 .A57,BOUND : v.21-23; 1981-1986.,0003-1216; 00031216,Journal of the American Society of Sugar Beet Technologists.,3,10,American Society of Sugar Beet Technologists.
991003719099702920,Microform - Ask at Research Help Desk - 2nd Floor,"0sb""215 a57",SB215 .A57,MICROFILM : v.9-20; 1958-1980.,0003-1216; 00031216,Journal of the American Society of Sugar Beet Technologists.,1,0,American Society of Sugar Beet Technologists.
991003704629702920,Microform - Ask at Research Help Desk - 2nd Floor,"0sb""215 a57",SB215 .A57,MICROFILM : v.1-8; 1938-1954.,0097-2851; 00972851,"Proceedings, general meeting - American Society of Sugar Beet Technologists.",1,0,American Society of Sugar Beet Technologists.
991003643499702920,Main Collection,"0sb""215 c3",SB215 .C3,"BOUND : 1952-1956, 1959, 1962, 1966-1968, 1970-1980, 1983-2000, 2002-2007.; CEASED PUBLICATION.",,The California sugar beet.,45,46,
991003743979702920,Main Collection,"0sb""215 s6",SB215 .S6,BOUND : v.11-35; 1947-1972.,,Spreckels sugar beet bulletin.,5,5,
991003746029702920,Main Collection,"0sb""292 a2 f63",SB292.A2 F63,BOUND : v. 1.,0899-7837; 08997837,Focus on phytochemical pesticides.,1,0,
991003762779702920,Main Collection,"0sb""354 b53",SB354 .B53,BOUND : 1991-1992.; CEASED PUBLICATION.,1061-9658; 10619658,California fruit grower annual.,2,11,
991003747149702920,Main Collection,"0sb""354 r6972",SB354 .R6972,BOUND : 1949-1958.,,The fruit year book.,8,6,
991003747109702920,Main Collection,"0sb""403 g48",SB403 .G48,"BOUND : 1936, 1939, 1950-1955.",0433-1710; 04331710,Gardens and gardening : the studio garden annual.,8,4,
991003632159702920,Main Collection,"0sb""413 r47 r5",SB413.R47 R5,"BOUND : 1949, 1951-1952, 1953.",1467-2871; 14672871,The Rhododendron year book.,3,0,
991003747409702920,Main Collection,"0sb""413 r47 r6",SB413.R47 R6,BOUND : 1952.,,The Rhododendron handbook.,1,0,
991003627549702920,Main Collection,"0sb""419.25 i58",SB419.25 .I58,"BOUND : v.2-v.9, no.4; 1985-Apr. 1992.; INCOMPLETE : v.2-3; 1985-1986",0742-1648; 07421648,Interior landscape industry.,1,0,
991003763859702920,Main Collection,"0sb""419.25 i58",SB419.25 .I58,"BOUND : v.9, no.5-v.17; May 1992-Winter 2000.",0742-1648; 07421648; 1063-1607; 10631607,Interior landscape.,14,5,
991000631899702920,Current Periodicals - 2nd Floor,"0sb""435 j86",SB435 .J86,RECENT ISSUES SHELVED IN CURRENT PERIODICALS.,2155-0778; 21550778; 0278-5226; 02785226; 1935-5297; 19355297,Arboriculture & urban forestry.,1,0,
991000631899702920,Main Collection,"0sb""435 j86",SB435 .J86,UNBOUND : v.40-  ; 2014-; INCOMPLETE : v.40; 2014.,2155-0778; 21550778; 0278-5226; 02785226; 1935-5297; 19355297,Arboriculture & urban forestry.,1,0,
991003744019702920,Main Collection,"0sb""435 w38",SB435 .W38,BOUND : 7th-11th; 1964-1968.,,Papers presented at the ... annual Western Street Tree Symposium.,5,24,Western Street Tree Symposium.
991003753589702920,Main Collection - Oversized,"0sb""466 u63 w45",SB466.U63 W45,BOUND : 1984/88-1992/96.,,The White House grounds and gardens.,3,2,
991002586979702920,Main Collection,"0sb""469 a585a 0",SB469 .A585a,BOUND : 1999.,1090-7432; 10907432,Annual meeting proceedings /,1,0,American Society of Landscape Architects. Annual Meeting.
991003706389702920,Current Periodicals - 2nd Floor,"0sb""469 g36",SB469 .G36,LATEST ISSUES SHELVED IN CURRENT PERIODICALS.,0016-4720; 00164720,Garten und Landschaft.,15,0,
991003706389702920,Main Collection,"0sb""469 g36",SB469 .G36,BOUND : v.93-   ; 1983-; INCOMPLETE : v.98; 1988. v.104; 1994.,0016-4720; 00164720,Garten und Landschaft.,31,13,
991003631869702920,Main Collection,"0sb""469 g37",SB469 .G37,BOUND : v.1-185; 1982-2013.; INCOMPLETE : v.9; 1990. v.14; 1995. 2004-2005.; CEASED PUBLICATION.,0733-4923; 07334923,Garden design.,27,39,
991003624359702920,Main Collection,"0sb""469 i55",SB469 .I55,BOUND : no.101-326; 1973-2003.; INCOMPLETE : 1975.; INDEX : no.133-158; 1981-1985.,0020-2908; 00202908,Landscape design : journal of the Institute of Landscape Architects.,26,42,
991004523709702920,Main Collection - Oversized,"0sb""469 l221",SB469 .L221,BOUND : v.1-2.,1137-3334; 11373334,Landscape architecture : the world of environmental design.,2,12,
991003703569702920,Main Collection,"0sb""469 l245",SB469 .L245,"BOUND : v.1-32, no.2; 1951-1994.; INCOMPLETE : v.11-13; 1961-1964. v.17-19; 1967-1975.",0023-8023; 00238023,Landscape.,16,13,
991003621279702920,Current Periodicals - 2nd Floor,"0sb""469 l3",SB469 .L3,LATEST ISSUES SHELVED IN CURRENT PERIODICALS.,0023-8031; 00238031,Landscape architecture.,16,0,
991003621279702920,Main Collection,"0sb""469 l3",SB469 .L3,BOUND : v.91-   ; 2001-; INCOMPLETE : v.91-92; 2001-2002.,0023-8031; 00238031,Landscape architecture.,31,71,
991003621279702920,Storage,"0sb""469 l3",SB469 .L3,BOUND (IN STORAGE) : v.14-23; 1923-1933. v.28-60; 1937-1969. v.63; 1972/73. v.65; 1975. v.67; 1977. v.69-90; 1979-2000.; INCOMPLETE (IN STORAGE) : v.69; 1979. v.72; 1982.; INDEX (IN STORAGE) : v.1/72; 1910-1982.,0023-8031; 00238031,Landscape architecture.,37,241,
991003744709702920,Main Collection,"0sb""469 l32",SB469 .L32,BOUND : 1971-1975; 1977.,,Landscape architecture yearbook.,6,43,
991000741579702920,Current Periodicals - 2nd Floor,"0sb""469 t66",SB469 .T66,LATEST ISSUES SHELVED IN CURRENT PERIODICALS.,0942-752X; 0942752X,Topos : European landscape magazine.,5,0,
991000741579702920,Main Collection,"0sb""469 t66",SB469 .T66,BOUND : no.58- ; 2007-; INCOMPLETE : 2008; 2009. 2013.; LATEST ISSUES SHELVED IN CURRENT PERIODICALS.,0942-752X; 0942752X,Topos : European landscape magazine.,8,23,
991004721769702920,Main Collection,"0sb""470.55 n4 l36",SB470.55.N4 L36,BOUND : 93-95.,1569-5689; 15695689,Landschapsarchitectuur en stedebouw in Nederland = Landscape architecture and town planning in the Netherlands.,2,28,
991003627909702920,Main Collection,"0sb""472.8 y43",SB472.8 .Y43,BOUND : 1984-1985.,0747-9581; 07479581,The Yearbook of landscape architecture.,2,32,
991003756529702920,Main Collection,"0sb""481 a1 p2",SB481.A1 P2,BOUND : v.44-51; 1991-1998.; CEASED PUBLICATION,0192-2505; 01922505; 1057-204X; 1057204X,Park & grounds management.,6,55,